total_runtime,data_size
24.678548,7500
24.507122,15000
28.277226,30000
31.027584,60000