epoch_duration,epoch,batch_size,data_size,accuracy,test_duration
0.3160199618432671,0,64,7500
0.31277362001128495,0,64,7500
0.3344856770709157,0,64,7500
0.6969,1.5752369640395045
0.6575,1.5689835029188544
0.6805,1.6856476741377264
0.6369716050103307,0,64,15000
0.6069302058313042,0,64,15000
0.6101508899591863,0,64,15000
0.7751,1.509433995001018
0.7779,1.5106435501948
0.7543,1.5107343608979136
1.195320937084034,0,64,30000
1.1971610528416932,0,64,30000
1.1921175660099834,0,64,30000
0.8168,1.5334249960724264
0.8096,1.5299129439517856
0.8174,1.5396577881183475
2.3698199978098273,0,64,60000
2.370805549202487,0,64,60000
2.3807888850569725,0,64,60000
0.8382,1.4940904658287764
0.8306,1.5305983379948884
0.8374,1.5312525739427656
