total_runtime,data_size
27.462248,7500
30.414239,15000
33.363375,30000
37.291058,60000