total_runtime,batch_size,data_size,num_agents
36.666779,4,7500,2
42.758883,4,15000,2
54.892391,4,30000,2
73.003241,4,50000,2
