total_runtime,batch_size,data_size
33.839408,64,7500
36.963844,64,15000
39.743907,64,30000
45.632143,64,50000
36.477890,4,7500
39.338072,4,15000
49.097374,4,30000
58.100710,4,50000