total_runtime,batch_size,data_size
36.666779,4,7500
42.758883,4,15000
54.892391,4,30000
73.003241,4,50000
