total_runtime,data_size
33.839408,7500
36.963844,15000
39.743907,30000
45.632143,50000