total_runtime,batch_size,data_size,num_agents
27.462248,64,7500,2
30.414239,64,15000,2
33.363375,64,30000,2
37.291058,64,60000,2
36.947754,64,60000,3
39.968952,64,60000,4